TRUNCATE BESTELLUNGZUTAT; TRUNCATE BOX; TRUNCATE REZEPT_ZUTAT; TRUNCATE BESTELLUNG; TRUNCATE ZUTAT; TRUNCATE REZEPT; TRUNCATE NÄHRWERTE; TRUNCATE LIEFERANT; TRUNCATE KUNDE;

INSERT INTO KUNDE (KUNDENNR, NACHNAME, VORNAME, GEBURTSDATUM, STRASSE, HAUSNR, PLZ, ORT, TELEFON, EMAIL, BUNDESLAND) VALUES (1, 'Müller', 'Anna', '1985-05-15', 'Hauptstraße', '10', '12345', 'Berlin', '0123456789', 'anna.mueller@example.com', 'Berlin');
INSERT INTO LIEFERANT (LIEFERANTENNR, LIEFERANTENNAME, STRASSE, HAUSNR, PLZ, ORT, TELEFON, EMAIL, BUNDESLAND) VALUES (1, 'Lieferant A', 'Lieferstraße', '5', '54321', 'Hamburg', '0987654321', 'lieferantA@example.com', 'Hamburg');
INSERT INTO NÄHRWERTE (NÄHRWERTE_ID, KALORIEN, KOHLENHYDRATE, PROTEINE, BALLASTSTOFFE, FETT, NATRIUM) VALUES (1, 120, 15, 8, 3, 5, 150);
INSERT INTO ZUTAT (ZUTAT_ID, BEZEICHNUNG, EINHEIT, NETTOPREIS, BESTAND, LIEFERANT, NÄHRWERTE_ID) VALUES (1, 'Tomate', 'Stück', 0.50, 500, 1, 1);
INSERT INTO BESTELLUNG (BESTELLNR, KUNDENNR, BESTELLDATUM, RECHNUNGSBETRAG) VALUES (1, 1, '2022-02-01', 25.99);
INSERT INTO BESTELLUNGZUTAT (BESTELLNR, ZUTAT_ID, MENGE) VALUES (1, 1, 10);
INSERT INTO BOX (BOX_ID, NAME, BESCHREIBUNG, PREIS, BESTELLNR, ZUTAT_ID) VALUES (1, 'Gemüsebox', 'Eine Auswahl frischer Gemüsesorten', 29.99, 1, 1);
INSERT INTO REZEPT (REZEPT_ID, NAME, ANLEITUNG, MENGE) VALUES (1, 'Tomatensalat', 'Tomaten waschen und schneiden, mit Dressing vermengen', 4);
INSERT INTO REZEPT_ZUTAT (MENGE, ZUTAT_ID, REZEPT_ID) VALUES (500, 1, 1);


INSERT INTO KUNDE (KUNDENNR, NACHNAME, VORNAME, GEBURTSDATUM, STRASSE, HAUSNR, PLZ, ORT, TELEFON, EMAIL, BUNDESLAND) VALUES (2, 'Schmidt', 'Michael', '1992-09-20', 'Musterweg', '15', '54321', 'Hamburg', '0123456789', 'michael.schmidt@example.com', 'Hamburg');
INSERT INTO LIEFERANT (LIEFERANTENNR, LIEFERANTENNAME, STRASSE, HAUSNR, PLZ, ORT, TELEFON, EMAIL, BUNDESLAND) VALUES (2, 'Lieferant B', 'Lieferweg', '8', '12345', 'Berlin', '0987654321', 'lieferantB@example.com', 'Berlin');
INSERT INTO NÄHRWERTE (NÄHRWERTE_ID, KALORIEN, KOHLENHYDRATE, PROTEINE, BALLASTSTOFFE, FETT, NATRIUM) VALUES (2, 150, 20, 10, 5, 8, 200);
INSERT INTO ZUTAT (ZUTAT_ID, BEZEICHNUNG, EINHEIT, NETTOPREIS, BESTAND, LIEFERANT, NÄHRWERTE_ID) VALUES (2, 'Kartoffel', 'Stück', 0.30, 1000, 2, 2);
INSERT INTO BESTELLUNG (BESTELLNR, KUNDENNR, BESTELLDATUM, RECHNUNGSBETRAG) VALUES (2, 2, '2022-03-01', 15.99);
INSERT INTO BESTELLUNGZUTAT (BESTELLNR, ZUTAT_ID, MENGE) VALUES (2, 2, 5);
INSERT INTO BOX (BOX_ID, NAME, BESCHREIBUNG, PREIS, BESTELLNR, ZUTAT_ID) VALUES (2, 'Kartoffelbox', 'Eine Auswahl frischer Kartoffelsorten', 19.99, 2, 2);
INSERT INTO REZEPT (REZEPT_ID, NAME, ANLEITUNG, MENGE) VALUES (2, 'Kartoffelsuppe', 'Kartoffeln schälen und kochen, dann pürieren und würzen', 6);
INSERT INTO REZEPT_ZUTAT (MENGE, ZUTAT_ID, REZEPT_ID) VALUES (800, 2, 2);


-- Beef Wellington Rezept
INSERT INTO REZEPT (REZEPT_ID, NAME, ANLEITUNG, MENGE) VALUES (3, 'Beef Wellington', '1. Das Rinderfilet mit Salz und Pfeffer würzen. In einer Pfanne mit Öl von allen Seiten scharf anbraten und abkühlen lassen.\n2. Die Pilze fein hacken und in einer Pfanne mit Butter anbraten, bis die Flüssigkeit verdampft ist. Mit Salz und Pfeffer würzen und abkühlen lassen.\n3. Den Blätterteig ausrollen und das Rinderfilet mit Senf bestreichen. Die Pilze darauf verteilen.\n4. Den Blätterteig um das Rinderfilet und die Pilze wickeln und die Ränder gut verschließen.\n5. Das Beef Wellington auf ein mit Backpapier ausgelegtes Backblech legen und mit verquirltem Eigelb bestreichen.\n6. Im vorgeheizten Backofen bei 200 Grad Celsius für ca. 30 Minuten backen, bis der Blätterteig goldbraun ist.\n7. Aus dem Ofen nehmen, kurz ruhen lassen und in Scheiben schneiden. Servieren und genießen!', 4);

INSERT INTO ZUTAT (ZUTAT_ID, BEZEICHNUNG, EINHEIT, NETTOPREIS, BESTAND, LIEFERANT, NÄHRWERTE_ID) VALUES (3, 'Rinderfilet', 'g', 20.99, 500, 2, 2);
INSERT INTO ZUTAT (ZUTAT_ID, BEZEICHNUNG, EINHEIT, NETTOPREIS, BESTAND, LIEFERANT, NÄHRWERTE_ID) VALUES (4, 'Pilze', 'g', 2.99, 200, 1, 2);
INSERT INTO ZUTAT (ZUTAT_ID, BEZEICHNUNG, EINHEIT, NETTOPREIS, BESTAND, LIEFERANT, NÄHRWERTE_ID) VALUES (5, 'Blätterteig', 'Stück', 3.99, 10, 2, NULL);
INSERT INTO ZUTAT (ZUTAT_ID, BEZEICHNUNG, EINHEIT, NETTOPREIS, BESTAND, LIEFERANT, NÄHRWERTE_ID) VALUES (6, 'Senf', 'TL', 1.99, 50, 1, NULL);
INSERT INTO ZUTAT (ZUTAT_ID, BEZEICHNUNG, EINHEIT, NETTOPREIS, BESTAND, LIEFERANT, NÄHRWERTE_ID) VALUES (7, 'Eigelb', 'Stück', 0.20, 100, 2, NULL);

INSERT INTO REZEPT_ZUTAT (MENGE, ZUTAT_ID, REZEPT_ID) VALUES (800, 3, 3); -- Rinderfilet
INSERT INTO REZEPT_ZUTAT (MENGE, ZUTAT_ID, REZEPT_ID) VALUES (200, 4, 3); -- Pilze 
INSERT INTO REZEPT_ZUTAT (MENGE, ZUTAT_ID, REZEPT_ID) VALUES (1, 5, 3); -- Blätterteig 
INSERT INTO REZEPT_ZUTAT (MENGE, ZUTAT_ID, REZEPT_ID) VALUES (1, 6, 3); -- Senf 
INSERT INTO REZEPT_ZUTAT (MENGE, ZUTAT_ID, REZEPT_ID) VALUES (1, 7, 3); -- Eigelb