-- BUNDESLAND
INSERT INTO BUNDESLAND (BUND_ID, BUND_NAME) VALUES (1, 'Hamburg'), (2, 'Berlin'), (3, 'Bayern');

-- KUNDE
INSERT INTO KUNDE (KUNDEN_ID, NACHNAME, VORNAME, GEBURTSDATUM, STRASSE, HAUSNR, PLZ, ORT, TELEFON, EMAIL, BUND_ID) VALUES (1, 'Müller', 'Anna', '1990-05-15', 'Musterstraße', '12a', '12345', 'Hamburg', '0123456789', 'anna.mueller@example.com', 1), (2, 'Schmidt', 'Max', '1985-12-10', 'Testweg', '5', '54321', 'Berlin', '0987654321', 'max.schmidt@example.com', 2), (3, 'Meier', 'Lisa', '1992-08-25', 'Beispielallee', '8', '98765', 'Mümmelmansberg', '0123456789', 'lisa.meier@example.com', 3);

-- LIEFERANT
INSERT INTO LIEFERANT (LIEFERANTEN_ID, LIEFERANTENNAME, STRASSE, HAUSNR, PLZ, ORT, TELEFON, EMAIL, BUND_ID) VALUES (1, 'Lieferant A', 'Lieferstraße', '1', '12345', 'Hamburg', '0123456789', 'lieferantA@example.com', 1), (2, 'Lieferant B', 'Lieferweg', '2', '54321', 'Berlin', '0987654321', 'lieferantB@example.com', 2), (3, 'Lieferant C', 'Lieferallee', '3', '98765', 'Deppenhausen', '0123456789', 'lieferantC@example.com', 3);

-- NÄHRWERTE
INSERT INTO NÄHRWERTE (NÄHRWERTE_ID, KALORIEN, KOHLENHYDRATE, PROTEINE, BALLASTSTOFFE, FETT, NATRIUM) VALUES (1, 100, 10, 5, 2, 3, 100), (2, 200, 20, 10, 4, 6, 200), (3, 300, 30, 15, 6, 9, 300);

-- HALTUNGSFORM
INSERT INTO HALTUNGSFORM (HALTUNGSFORM_ID, FORM) VALUES (1, 1), (2, 2), (3, 3);

-- ZUTAT
INSERT INTO ZUTAT (ZUTAT_ID, BEZEICHNUNG, EINHEIT, NETTOPREIS, BESTAND, LIEFERANT, NÄHRWERTE_ID, HALTUNGSFORM_ID) VALUES (1, 'Zutat A', 'Gramm', 1.99, 100, 1, 1, 1), (2, 'Zutat B', 'Stück', 0.99, 50, 2, 2, 2), (3, 'Zutat C', 'Liter', 2.49, 200, 3, 3, 3);

-- ZUTAT_NÄHRWERTE
INSERT INTO ZUTAT_NÄHRWERTE (NÄHRWERTE_ID, ZUTAT_ID) VALUES (1, 1), (2, 2), (3, 3);

-- BESTELLUNG
INSERT INTO BESTELLUNG (BESTELL_ID, KUNDEN_ID, BESTELLDATUM, RECHNUNGSBETRAG) VALUES (1, 1, '2022-01-01', 10.99), (2, 2, '2022-02-02', 20.99), (3, 3, '2022-03-03', 30.99);

-- BESTELLUNG_ZUTAT
INSERT INTO BESTELLUNG_ZUTAT (BESTELL_ID, ZUTAT_ID, MENGE) VALUES (1, 1, 2), (2, 2, 3), (3, 3, 4);

-- BOX
INSERT INTO BOX (BOX_ID, NAME, BESCHREIBUNG, PREIS, BESTELL_ID, ZUTAT_ID) VALUES (1, 'Box A', 'Beschreibung A', 9.99, 1, 1), (2, 'Box B', 'Beschreibung B', 19.99, 2, 2), (3, 'Box C', 'Beschreibung C', 29.99, 3, 3);

-- BOX_ZUTAT
INSERT INTO BOX_ZUTAT (MENGE, BOX_ID, ZUTAT_ID) VALUES (1, 1, 1), (2, 2, 2), (3, 3, 3);

-- REZEPT
INSERT INTO REZEPT (REZEPT_ID, NAME, ANLEITUNG, MENGE) VALUES (1, 'Rezept A', 'Anleitung A', 2), (2, 'Rezept B', 'Anleitung B', 3), (3, 'Rezept C', 'Anleitung C', 4);

-- REZEPT_ZUTAT
INSERT INTO REZEPT_ZUTAT (MENGE, ZUTAT_ID, REZEPT_ID) VALUES (1, 1, 1), (2, 2, 2), (3, 3, 3);

-- BESTELLUNG_REZEPT
INSERT INTO BESTELLUNG_REZEPT (BESTELL_ID, REZEPT_ID) VALUES (1, 1), (2, 2), (3, 3);

-- ERNÄHRUNGSKATEGORIEN
INSERT INTO ERNÄHRUNGSKATEGORIEN (ERNÄHRUNGSKATEGORIE_ID, NAME, BESCHREIBUNG) VALUES (1, 'Kategorie A', 'Beschreibung A'), (2, 'Kategorie B', 'Beschreibung B'), (3, 'Kategorie C', 'Beschreibung C');

-- ZUTAT_ERNÄHRUNGSKATEGORIEN
INSERT INTO ZUTAT_ERNÄHRUNGSKATEGORIEN (ZUTAT_ID, ERNÄHRUNGSKATEGORIE_ID) VALUES (1, 1), (2, 2), (3, 3);

-- ERNÄHRUNGSTRENDS
INSERT INTO ERNÄHRUNGSTRENDS (ERNÄHRUNGSTREND_ID, NAME, BESCHREIBUNG) VALUES (1, 'Trend A', 'Beschreibung A'), (2, 'Trend B', 'Beschreibung B'), (3, 'Trend C', 'Beschreibung C');

-- EXTRAS
INSERT INTO EXTRAS (EXTRA_ID, NAME) VALUES (1, 'Extra A'), (2, 'Extra B'), (3, 'Extra C');

-- ZUTAT_EXTRAS
INSERT INTO ZUTAT_EXTRAS (ZUTAT_ID, EXTRA_ID) VALUES (1, 1), (2, 2), (3, 3);

-- ZUTAT_ERNÄHRUNGSTRENDS
INSERT INTO ZUTAT_ERNÄHRUNGSTRENDS (ZUTAT_ID, ERNÄHRUNGSTREND_ID) VALUES (1, 1), (2, 2), (3, 3);
